Author,Score,CommentText
"MELYheadz","1 point","Save this thread"
"Zealousideal_Bus360","1 point","Legend"
"Fritanga5lyfe","1 point","Captain Bam!!!!"
"VinceWin2","6 points","I WITNESSED HISTORY. GREATNESS!"
"Cyborg_Sorachi","3 points","We prayed for times like these, and it happened T_T"
"Dazed_ONG","7 points","a center getting tripled teamed at full court ive seen it all"
"Haxeo5","2 points","""HOW WOULD YOU DESCRAAAARB!"""
"DisneyVista","6 points","Witnessed NBA history….so awesome!"
"Educational-Visit-32","3 points","As one of your mortal rivals (think cold, collegiate, and a bit racist), congratulations. Absolutely incredible and s/o the culture for getting him there"
"BigBoss5050","1 point","You admit youre a racist? Fuck out of here you piece of shit, you didnt deserve to see this game."
"Educational-Visit-32","1 point","The city dude not me"
"BigBoss5050","1 point","Might wanna be more clear with your words then"
"Educational-Visit-32","0 points","Why would I describe myself as cold (or as racist for that matter)?"
"BigBoss5050","1 point","The fact you dont understand what cold could mean talking about a person, just proves you need to learn to articulate better."
"TheRatchetTrombone","3 points","LETS GOOOOOOOOOOOOOOOOOOOOOOOOOOOOOOOOOOOOOOO"
"eeevileggg","3 points","So happy for him. He deserves every bit of it."
"Limp_Palpitation_855","5 points","As a hawks fan W bam adebayo holy"
"cito96","4 points","I just watched the best game of my life"
"Butter_with_Salt","3 points","Number should be retired"
"Ceruti_","3 points","Let's go captain!!"
"Ok_Maybe_7635","6 points","Guys I’m gonna cry"
"VosBaba","6 points","When i saw bam getting those first 2 buckets i knew he was breaking that record - Bron probably"
"ZerksNAHTayan","3 points","HANG THE FUCKING BANNER, JERSEY IN THE RAFTERS, STATUE OUTSIDE KASEYA TONIGHT"
"Kino900","5 points","Fuckin unreal man. Miami Heat for life."
"blahzzzzz","7 points","GIVE THAT MAN AN UGLY ASS STATUE!"
"shoopadoop332","1 point","Love to see it. Whoever heard of kobe"
"smellslux","5 points","Kobe 81 game Lakers Total - 122  Bam 83 game  Heat Total - 150   You can see the selfish player 🤣"
"Butter_with_Salt","1 point","Bam was diming too, but he knew that the best thing for the team in terms of offense was for him to score. It wasn't selfish. He was just smart"
"creamyturtle","3 points","I'm sorry I wasn't familiar with your game"
"Bam_Make_A_Lay","7 points","Yeah I drinking for this shit"
"RyanTannegod","3 points","Why did he leave the game? Bam could’ve gotten 90 if they kept fouling"
"Fritanga5lyfe","1 point","Why didn't we go into overtime?"
"i-will-be-great","2 points","Prevent injury"
"Cj_cruzz","2 points","KOBEEEEE THIS IS FOR YOUUUUU"
"Butter_with_Salt","7 points","Bam Adebayo just put up the greatest performance in NBA history"
"furiousbean","3 points","WE DID IT!!!!! 🔥🔥🔥 -tatum"
"DoctorPepper19","19 points","Kobe's 81 point game passed by Bam Adebayo, as we all expected and predicted"
"GlutPls","6 points","LMAO"
"Wondering_Otter","8 points","Spo challenging, Spo doing professional fouls, Spo letting them score. Just to get more possessions to Bam. Amazing. Never thought I would see it.   These team is going to run through a brick wall for him after his coaching job tonight."
"shoopadoop332","3 points","Is he still in?"
"Garkech","1 point","No"
"Soft-Comfort-7474","6 points","Heat admins better get that Wilt graphic ready"
"Implicitfiber","9 points","Give that man a statue!"
"MaseplusNickelback","3 points","Tbf if this was Lebron getting 2ndmost like that, everyone would be clowning him"
"TrashAssRedditAdmins","6 points","Was a pleasure to watch with y'all"
"blahzzzzz","2 points","Fuckin HYPE!!"
"dcman21","2 points","Holy shit"
"MELYheadz","2 points","Damn I love Kobe but his fans is some clowns right now ngl"
"PlayfulAddress148","2 points","Legendary 🔥"
"TheRed_Warrior","7 points","Shit no wonder bam played 40+ minutes. Goldin is ass"
"Gunningham","3 points","Wow, congrats to Bam and the Heat."
"Manor002","7 points","I really never thought Kobe’s 81 would ever be passed in today’s league. This is incredible."
"jojo55321","3 points","OMG congrats Heat fans!!! I love Bam btw"
"wacktose_intolerant_","6 points","I’m literally tearing up I’m so happy for Bam lol. So fucking insane"
"DisneyVista","2 points","Wow! 👏🏻👏🏻👏🏻👏🏻👏🏻👏🏻👏🏻"
"NOTUgglaGOAT","2 points","Im screaming rn"
"thecroakman","3 points","Holy shit"
"rjgator","6 points","I can’t believe Kobe’s record has been broken.  And by Bam of all people. Holy shit man"
"EfficiencyFew6864","3 points","Goldin missing an easy layup lol"
"WillingCommittee","2 points","43 free throw attempts is so fucking hilarious. what an awesome game"
"Artistic_Industry_96","3 points","BAM8NT3"
"lonespiderfish","2 points","He did it the mad lad did it"
"TheRed_Warrior","4 points","Get that man in an ice bath immediately"
"WheeinSpace","12 points","Y'all mother fuckers wanna do some unethical tanking? Alright take this unethical 80 piece lmfaoooo"
"Unknown","4 points",
"Unlockpentoman","3 points","I was here"
"papayon10","3 points","BAM I ALWAYS BELIEVED IN YOU THIS IS MY 12/25"
"Soft-Comfort-7474","8 points","LADIES AND GENTLEMEN OF HEAT NATION WE HAVE WITNESSED GREATNESS!!!!  <image>"
"Thebarnacleguy","5 points","CONGRATS HEAT FANS OMG THATS INSANE"
"lonespiderfish","3 points","Yeahhh"
"KaitoKid23","3 points","FT merchant whatever I don't care!!! Fuck it. Happy for Bam"
"Scroop45","3 points","I’m shaking"
"synester302","4 points",
"Even-Connection1216","5 points","FR though. This is the blueprint for superstars. Score 100 against tanking teams. A big fuck you to those teams"
"jamarcusaristotle","3 points","No way he's going for 100, but honestly why not get a couple more?! It's for the history books lol"
"ZerksNAHTayan","3 points","My daughter is gna HATE being named Edrice"
"Legitimate_Plane_235","3 points","Fuck yeah fuck yeah fuck yeah"
"herrorick613","1 point","Kobrick fans crying hahah"
"SattyZzz","3 points","<image>"
"surgeyou123","6 points","Where were you when Bam dropped 83 points?"
"Weekly_Cow1635","1 point","Watching Bam lol"
"dunn1211","5 points","I dont know what to do!"
"Slumdankin1123","7 points","Most free throw attempts in one game by player in history.  Bam passed Dwight Howard who had 39 attempts."
"thatboipurple","5 points","I WAS HERE"
"Jstar269","3 points","He DID IT!!"
"MELYheadz","3 points","Kobeeeeeeeeee"
"Cfter","2 points","Keep him in. Hit 85"
"Cummy_Ache_","2 points","17 more"
"Elegant-Law2767","2 points","No fucking way"
"Kino900","3 points","HE FUCKIN DID IT"
"Nosenchuck3","5 points","Lebron be like “I knew Bam was gonna score 83 today”"
"i-will-be-great","5 points","Best player in the world"
"Jinika","3 points","Mamba mentality"
"USCTrojans780","3 points","Holy shit! Bam did it!!! He beat Kobe for 2nd all time!"
"XanderAndretti","6 points","I’m about to cry man lol"
"howdthatturnout","-3 points","You are going to cry over them running the score up in a blowout?"
"CapOk8116","0 points","You are such a salty hater 😭😭 I pray you find peace   By Any Means 305 til I die"
"howdthatturnout","1 point","You think someone can’t call out running up the score in an uncompetitive game without being at peace?"
"CapOk8116","2 points","I think Bam Adebayo has the 2nd highest scoring game of all time have a beautiful night friend"
"Garkech","1 point","I can't fucking believe what I'm watching"
"howdthatturnout","0 points","It’s a mockery"
"Garkech","1 point","Cry"
"howdthatturnout","0 points","Why would I be crying?"
"Garkech","0 points","Idk figure it out"
"howdthatturnout","0 points","Makes no sense"
"Garkech","1 point","Ok"
"JaysonDeflatum","2 points","BAM BAM BAM BAM BAM BAM BAM BAM BAM BAM"
"jamarcusaristotle","2 points","Why stop now tbh??"
"DMVbornandbred21","2 points","83 POINTS IS INSAAAAAAAANNNNNEEEEE"
"sagotgulaman","1 point","Kobe who"
"MELYheadz","2 points","Lfgggg"
"papayon10","2 points","BAMMMM WAMMMMM"
"United-Selection9451","3 points","YO BAM JUST MADE HISTORY"
"No_Independent8269","2 points","There is no way I witnessed that"
"furiousbean","2 points","LETS FUCKING GOOOOOOOO 🔥🔥🔥🔥🔥🔥🔥🔥🔥"
"LiamsNeesons","4 points","83!!!!!"
"HoodieFrank","2 points","Mamba mentality！"
"Calixoo","1 point","W statpadding"
"JustiseRainsFrmAbove","2 points","Lmaoooooooo"
"altruisticdisaster","3 points","March 10 2026"
"Cj_cruzz","3 points","EVEN THE REFS WANT THIS LMAOOO"
"Rexrapper1","3 points","Let's fucking go!"
"TheRed_Warrior","5 points","All right, now can we get him 18 more points in 70 seconds?"
"Butter_with_Salt","3 points","This should get him into the HOF"
"Kadaddle","6 points","CONGRATULATIONS BAM"
"SolidCookie_","4 points","He legit could’ve had 90"
"readndrun","2 points","If he didn’t miss fts"
"Allez-OM","3 points","LFGGGG"
"neal1701","3 points","WHAT A EFFORT!!!"
"grudgepacker","3 points","BAM WITH THE 83 PIECE!!!!!!!!!!"
"sadeguy","4 points","SHAMS BOMB"
"readndrun","5 points","Just keep him in SPO fuck it LOL"
"Rude_Resolution2341","5 points","LETS GOOOOOOOOOOOO"
"surgeyou123","9 points","Bit shameless but fuck it. This was history"
"Squirrel_Haze","6 points","This thread is how I witnessed history!"
"gamesrgreat","4 points","Nice! Now Kobe’s only the third highest lmao"
"LeMicky_James_23","0 points","Fakest game ever"
"MatasBuzelis","1 point","Username checks out"
"EveningHealth9465","2 points","Cares?"
"Number333","3 points","GOAT"
"Sac-Kings","8 points","genuine loser behavior from wizards lol  getting scored 83 by bam will be the highlight of anything they ever done and they triple taming him"
"Competitive-Wafer-32","2 points","The heat intentionally fouling so he can get the record. What do you expect the wizards to do? Roll over?"
"JustTheBucket","6 points","Bam>Kobe"
"tsaunx","6 points","HISTORY WAS MADE!!!!"
"Dolphhins","4 points","Fuck that rapist this is Bam’s league!"
"MELYheadz","4 points","Spo knew the assignment thank god for him"
"EfficiencyFew6864","2 points","HE DID IT!"
"furiousbean","5 points","2ND ALL TIME 🔥🔥🔥🔥🔥🔥🔥🔥🔥"
"OkSpite7555","3 points","Up there with the greats. That’s good shit man"
"Ice_Dragon3444","4 points","This is hillarious in more ways than one."
"sivervipa","1 point","Incredible!"
"Unknown","2 points","Woohoooo"
"FallenHarmonics","2 points","maybe its just me but theyre all losers for double and triple teaming him"
"TrashAssRedditAdmins","2 points","I'm crying 🥲"
"InMattive","3 points","OMGGGG"
"Unknown","No Score","[deleted]"
"Some_Still_7855","1 point","Literally"
"Garkech","1 point","Cry"
"RansomGoddard","1 point","THATS MY FRANCHISE PLAYER"
"Cyborg_Sorachi","2 points","Is Bam Wilt's son?"
"BucketHerro","2 points","I wish Bam can get a real bucket for his last one.   Wizards, you guys are a bunch of hoes with 10 days left in your contract"
"Jinika","2 points","Omg it's gonna be the second highest ever"
"Junior-Technology-71","1 point","Bam > Kobe"
"MELYheadz","1 point","I can’t believe my eyes"
"Unknown","4 points","UPVOTES FOR EVERYONE"
"bankai90210","3 points","HE DID IT"
"jbenson255","2 points","82"
"JaysonDeflatum","3 points","That's a damn foul mab"
"xniccru","2 points","Let's go!"
"neal1701","3 points","OH MY FUCKING GOD!!!"
"M4nW3ll","3 points","YEAAAAAAH 82"
"M4nW3ll","1 point","83!!!!!!"
"Repulsive_Bank_9046","2 points","Hell yeah brother"
"grudgepacker","1 point","YEAH!!!!!!!!!!!!!!!!!!!!!!!!!!!!!!!!!!!"
"Adraf45","2 points","LET'S FUCKING GOOOOOOOOOK"
"Glittering_Ad5018","1 point",
"VinceWin2","2 points","OMG!"
"Wonderful_Bend3226","2 points","LETS FUCKING GOOOOOOO"
"Bam_Make_A_Lay","1 point","Lol that was a ref special that i appreciate"
"Fs316","2 points","Funniest game of all time, no competition"
"howdthatturnout","1 point","This is a mockery at this point"
"i-will-be-great","2 points","W REFS"
"Fabulous-Command6158","2 points","Nah this just straight history"
"Mental_Breakfast_176","1 point","oh my lord"
"esp_1123","2 points","Bro’s getting the Chino Hills Lamelo Ball treatment"
"kismetric","1 point","Yo, this is hilarious"
"RansomGoddard","3 points","HE’S GONNA DO IT"
"TrashAssRedditAdmins","3 points","LET FUCKING GOOOOO"
"WheeinSpace","4 points","Fuck the Washington Wizards for real"
"53LVM0RD","2 points","Lolololo"
"Unknown","4 points","This is unbelievable"
"sadeguy","4 points","WE JUST HAVING FUN MAN"
"garret126","2 points","YESSSSSS"
"Number333","7 points","BREAK KOBE'S RECORD!!!"
"grudgepacker","2 points","BAM!!!!!!!!"
"readndrun","2 points","Bro make these"
"Standard_Strategy_25","2 points","LETSGOOOOO"
"offbrandjose","2 points","Man I hope Bam pulls it off"
"luckeeelooo","3 points","This is the funniest end to a game I've ever seen."
"howdthatturnout","1 point","It’s gross"
"Mental_Breakfast_176","2 points","WHAT THE FUCK HOW HOW"
"cooooolmaannn","2 points","As a lakers fan this might be one of the most insane things I’ve seen. Congrats Bam."
"herrorick613","0 points","Let’s be real bam ain’t that amazing of a basketball player that he be remember in 50 years from now in the history book so him having second all time in. Points in. A game will make people remember him. This is good for bam legacy in the nba history book"
"PeeCansOfGondorRShit","1 point","“Breaking the modern points in a game record would be good for his legacy” is the kind of hard hitting analysis I come here for"
"whatstappanin","1 point","Lmao wtf is this guy even talking about"
"doyouunderstandlife","3 points","Hack-a-shaqing in a blowout has got to be the funniest thing about this"
"tsaunx","2 points","wizards just let him have this😭😭"
"DMVbornandbred21","2 points","Already know the wizards coach is gonna be bitching LMAO"
"JaysonDeflatum","2 points","The wizards are fucking pathetic"
"MusterBait","2 points","Just one more point Bam. LEZ FUKING GO"
"Tyc0TomPark","1 point","Didn't watch the game tn one of my friends in our group chat just said some shit about Bam and 80pts WTF"
"Even-Connection1216","1 point","This is a big fuck you to tanking teams. Superstars should do this more"
"surgeyou123","2 points","Fuck off Wizards. Let him do it."
"prof-kaL","2 points","If the wizards don't let him break the record that franchise will replace the Celtics as my most hated franchise"
"Avlinehum","2 points","you never know what to expect with Tuesday games"
"MatasBuzelis","3 points","JOHNSON A REAL ONE"
"ATLBandoBandit","2 points","Just finished the hawks game...WHAT THE FUCK"
"Nosenchuck3","1 point","Honestly, this is kind of embarrassing"
"Ok_Purchase_9505","2 points","What is the Wizards deal???"
"Adorable-Bike-9689","1 point","Woooooow refs finna let them foul Bam"
"SolidCookie_","3 points","Spo call a timeout to advance the ball on the FTs give him one more chance"
"mtbeach33","2 points","Haha the fouling game is getting very funny"
"cito96","2 points","Guys wtf?! We’re talking Kobe Bryant here?! Holy Shit!"
"No-Mousse5653","3 points","Fuck it go for 85"
"Kino900","5 points","LET HIM BREAK IT"
"l0lw00t","4 points","FUCK OFF WIZARDS"
"Remarkable-Net-6130","3 points","Wizards are being evil rn 😂"
"MediocreDVaMain","2 points","Wizards hating lmao I don't blame em"
"WheeinSpace","3 points","They're really fouling anyone that isn't Bam lmao"
"Standard_Strategy_25","3 points","Fuck the wizards. No problems tanking every game and then do this bullshit"
"__zerosuit","2 points","The Wizards are such hoes"
"BossKingGodd","2 points","And that’s why wizards are a trash franchise wtf"
"rjgator","4 points","How do you not call that"
"Junior-Technology-71","4 points","Why are wizards being little losers just let the man have his night smh"
"Tallozz","1 point","If roles were reversed. We would be doing the same thing. lol No one wants to be the team that gives that up to a player."
"herrorick613","5 points","Let go bam for second all time"
"gamesrgreat","5 points","Alright miss the free throw on purpose to Bam lmaoo"
"PlatosLeftTit","6 points","Shoulda played defense this hard in the first quarter lol"
"Adorable-Bike-9689","1 point","Funny AF Wizards haven't tried this hard in months. Fuckers on full sell mode until it's time to stop Bam specifically"
"surgeyou123","3 points","Keshad hit it off the rim to Bam"
"SoCalHeatFan2020","1 point","I called it here in the first quarter."
"BucketHerro","4 points","Refs, i know you got one more in you. Call another foul for Bam"
"Bam_Make_A_Lay","1 point","I mean they have been fouling tf out of him lmao"
"polstein7","1 point","LOL - counter foul strategy!  What's next, intentional miss?  edit - I called that one"
"MadPatagonian","5 points","Wizards are trying to stop him Wow"
"neal1701","3 points","Wizards will NEVER get no. 1 pick for this shit"
"chim_ritchellsdick","1 point","Number 13 better go up in the wizards rafters"
"EfficiencyFew6864","6 points","This is some shameless tactics from both sides lol"
"grudgepacker","1 point","Nah more on them, let Bam have his moment in history"
"JL990","2 points","They are fouling other players lmao what a trash franchise"
"grudgepacker","6 points","Wizards intentionally fouling away from Bam some chicken little shit"
"TheRed_Warrior","1 point","I mean, we’re intentionally fouling to get him past Kobe"
"grudgepacker","1 point","I feel you but so what? That's just the modern game"
"alejpaz","2 points","I was here!!"
"Roast-Malone29","14 points","HOE ASS WIZARDS"
"rxmx2","1 point","Really gonna foul Keshad there what fucking bums"
"CurryMustard","6 points","Noooo 82"
"Cfter","16 points","Dont pull him please. Beat the record"
"Appropriate-Sun834","0 points","Record? He’s not getting 100"
"MatasBuzelis","2 points","Kobe is ""the record"" to beat. Nobody's taking down Wilt's 100"
"sadeguy","2 points","passing Kobe's record. Dumbass"
"jbenson255","9 points","Wizards this is corny man"
"MediocreDVaMain","8 points","Man I was a preschooler when Kobe hit 81, I never thought I'd see someone do it again"
"MatasBuzelis","5 points","I AM FREAKING THE FUCK OUT"
"luckeeelooo","5 points","Spo said, ""Fuck ya'll. This is happening."""
"oneofone305","5 points","Unreal"
"AppleForeign9313","8 points","As a neutral stay in please and beat it"
"herrorick613","3 points","Fuck it let’s go bam break Kobe record"
"Slumdankin1123","1 point","41 free throw attempts on 7/22 from three in a blowout against a tanking team. Nah, this ain't nothing like Kobe's record. Even Luka's 73 point game Luka was more impressive, 15/16 free throw, 8/13 from 3, 25/32 fg."
"MELYheadz","1 point","I can’t believe this man"
"esp_1123","2 points","I know Bam watched Jxmyhighroller’s new vid. I just can’t prove it."
"furiousbean","1 point","come on spo"
"BigBoss5050","3 points","Unreal. Never thought id see another 80+ game in my life. LETS FUCKING GOOOO BAM!"
"sivervipa","1 point","Break the record!"
"MadPatagonian","1 point","Wow"
"Standard_Strategy_25","2 points","Nah man Bam gotta break kobes record. Don't pull him out now wtf"
"readndrun","1 point","He’s staying in!!!"
"herrorick613","1 point","Bam lmfao"
"Prankstaboy6","5 points","NO BREAK KOBE.  DAMN IT."
"furiousbean","3 points","HISTORY"
"Slumdankin1123","1 point","He did set a record!  Most free throw attempts in one game by a player ever."
"Dynamix__","4 points","LETS FUCKING GOOOOO"
"DasOptions","5 points","Broken heat record, broke tied Ft record and tied Kobe!  What a man!"
"Slumdankin1123","1 point","How can you compare it to Kobe? 7/22 from 3 in blowout game with 43 free throw attempts against a tanking team. Kobe had to have all 81 points to win the game. Kobe was 7/13 from 3 and had less than half the free throw attempts."
"DasOptions","1 point","Doesn’t matter.  The history books will have him above Kobe’s record"
"Slumdankin1123","1 point","100%. Def go down in history but wasn't as impressive of a performance to me. I understand if people disagree"
"surgeyou123","5 points","What? Let him beat Kobe"
"Manor002","2 points","That’s lame afffffff"
"Kino900","1 point","MY STREAM AINT STREAMING!"
"bankai90210","1 point","HE DID IT"
"lonespiderfish","4 points","Let him break it please Spo"
"Ice_Dragon3444","3 points","YESSSSSSSSSSSSSSSSSSSSSSSSSSSSSSSSSSSSSSSSSSSSSSSSSSSSSSSSS I NUTTED"
"neal1701","3 points","Heat is fouling so they have more possessions"
"Junior-Technology-71","5 points","One more bam one more"
"JustiseRainsFrmAbove","3 points","WERE JUST TYING? 😭"
"gamesrgreat","2 points","Subbing him out now? Fuck that we need 82"
"JL990","2 points","Nah no way they are pulling Ban"
"Cummy_Ache_","2 points","81"
"MusterBait","2 points","FUCK IT. GO 90"
"surfergirl12345","2 points","Actually care about the nba for the first time in a hot minute"
"YungDagger_D","3 points","LMAOOO HOLYYY"
"AbbreviationsBig395","1 point","GO FOR 90 FUCK IT"
"grudgepacker","3 points","NO KEEP HIM IN SPO!!!!!!!!!!"
"davidbd7","3 points","BRO LET HIM BEAT THE RECORD PLEASE"
"Elegant-Law2767","3 points","Lowkey bro can score 20 more point ngl"
"nsanegenius3000","2 points","81! WTF!"
"herrorick613","2 points","I ain’t watching the game but are wizards purposely fouling bam so he can break Kobe record"
"Tallozz","1 point","No, they are doing everything they can to stop him. He is just drawing fouls."
"readndrun","3 points","Don’t take him out SPO plesse!!!"
"kismetric","3 points","Bam is 2 attempts away from most 3 point attempts in a game in NBA history"
"Ligmastinasty","2 points","TOTALLY DOABLE TWO more POINTS!"
"Soft-Comfort-7474","1 point","BAM ADEBAYO YOU ROCK MY WORLD!!!!"
"Number333","1 point","81 POINTS GOOD GOD"
"readndrun","1 point","Bro he HAS to break the record now"
"l0lw00t","1 point","YEAAAAAHHHHH"
"sagotgulaman","1 point","Fck it score 100"
"furiousbean","1 point","80 baby"
"Namerkp2","1 point","How are they still fouling him??? Lmao"
"ablslyr","1 point","I’m losing my mind…."
"lvloises330","1 point","Keshad is just happy to be here"
"lonespiderfish","1 point","BANG"
"TrashAssRedditAdmins","2 points","40 FTs is biabolical 😂😅😂😂"
"VinceWin2","1 point","So crazy"
"Cyborg_Sorachi","1 point","LMAAAOOOOO"
"jbenson255","1 point","Bro 2 more points"
"Even-Connection1216","1 point","This is for you Kobe!"
"grudgepacker","1 point","YEAH!!!!!!!!!!!!!!!!!!!!!!"
"Forgetful_Koala","2 points","BAM!!!!"
"polstein7","3 points","ALSO also - this is why the Dolphins should have gone for that FG vs the Broncos a couple years back"
"youarenut","1 point","39 FT 😭"
"MusterBait","1 point","AYOOOO"
"creamyturtle","2 points","GET IN HERE"
"mickblackjack","4 points","This is the funniest but best thing ive seen in my life lol"
"Junior-Technology-71","3 points","LETS GO BAMMM 2 more FTs"
"RansomGoddard","2 points","OMG HE MIGHT ACTUALLY FUCKING DO IT"
"Gunningham","1 point","Third place"
"Ceruti_","1 point","Damn them FTs lol"
"readndrun","2 points","If he misses the fts it would be the most Bam thing ever"
"MontySoCold","3 points","81"
"SolidCookie_","1 point","Come on!!!!"
"prof-kaL","2 points","81! 81! 81!"
"Adorable-Bike-9689","3 points","He got the 81 lmao"
"Namerkp2","1 point","I don’t like the foul lmao too much gaming… maybe under 1min"
"grudgepacker","1 point","FUCK YEAH - GO BAM!!!!!!!"
"GlutPls","2 points","just cherry pick at this point"
"Number333","1 point","HAHAHAHAH HE'S GONNA GET 80!!!!!!"
"Cj_cruzz","2 points","FOUL THE WIZ TO EXTEND THE GAME"
"herrorick613","1 point","Man this crazy bam is going to break Kobe record lmfao"
"youarenut","1 point","PLZ BREAK THE RECORD"
"CupQuick2845","1 point","What a jokeee. Fouling up 26. 40 free throws. Airballing multiple jumpers.  Wow how did he do it"
"Totallynotsimp1","2 points","Spo is fouling!!!! Whole franchise wants this"
"CurryMustard","3 points","Even spo wants it.  Never seen spo like this"
"neal1701","2 points","Spo will be goated if he takes a timeout for a ATO play for a Bam 3!!"
"FitNetVitch","0 points","Have some self respect.. breaking Kobe’s record with this bullshit? Nah have some shame…"
"Garkech","1 point","Cry"
"Nusiof","2 points","Lmao Heat fouling to get Bam more possessions. I fucking love this"
"Ok-General-7622","3 points","bam kobe and wilt the real big 3"
"sadeguy","3 points","DoItForBam"
"Chaotiac","1 point","Will he get 80?"
"BucketHerro","2 points","Idgaf if they call this statpadding  Spo is the GOAT for this."
"gamesrgreat","3 points","Lmao this is getting pretty clowny but I’m down for it. Fuck it lol"
"Butter_with_Salt","3 points","Lol they're really trying to get it for him"
"Nosenchuck3","7 points","I’ve never seen Spo act like this before"
"Kokusen_Akuma","8 points","Giving up 80 to any player is crazy idc how bad your team is 😂"
"CloudySkies64","3 points","YOURE FUCKING UP HOSTORY, shitty ass pass"
"dimesniffer","5 points","Who’s the guy that gave away free tickets"
"MusterBait","4 points","Break the Kobe record for the love of God"
"furiousbean","3 points","SURPASS KOBE"
"readndrun","3 points","If he doesn’t break the record at this point it’s a disappointment"
"yungbull3","6 points","THIS WILL STAND FOREVER"
"AbbreviationsBig395","2 points","jsut foul the wizarDS AND STOP THE FUCKEN CLOCK"
"soycameron","5 points","YALL REALLY ARE INTENTIONALLY FOULING OMG I LOVE SPO"
"chim_ritchellsdick","3 points","Lmao they really going for Kobe’s record and I love it!!"
"davidbd7","5 points","i don’t care how shameless we have to be right now bro anything to beat kobe’s record"
"polstein7","3 points","Also - this is gonna be a hell of a future trivia question....."
"Flaky-Mathematician8","2 points","wtf Dru just threw away a possession"
"wacktose_intolerant_","7 points","Intentionally fouling is WILD"
"Cummy_Ache_","1 point","Are they? To get possession of the ball? 😭  Come on Bam, get that 82"
"shoopadoop332","5 points","Yo this is crazy"
"Number333","4 points","Spo's the best lmao"
"kismetric","6 points","Just need a 3 Bam"
"lonespiderfish","1 point","He’s almost there"
"surgeyou123","2 points","1 more fucking 3"
"lonespiderfish","2 points","82!!!!"
"herrorick613","5 points","Lmfao bam is statpadding but can’t blame him  he want to break some records in nba history"
"IgotthatBNAD","1 point","He already broke 2 with most free throws made and attempted"
"Ice_Dragon3444","2 points","NOW JUST MAKE A 3"
"milktest","2 points","WE NEED THIS"
"Aggravating_Green618","3 points","wtf was that bro this ain’t football"
"JustiseRainsFrmAbove","5 points","WE INTENTIONALLY FOULING  SPO THE GOAT"
"polstein7","3 points","At this point - let them score?"
"Phillip228","5 points","Bam is definitely the most well conditioned player in the League."
"thecroakman","3 points","BAM DROP 81 AND MY LIFE IS YOURS"
"sivervipa","6 points","Going for 80!"
"davidbd7","1 point","CUT DRU SMITH"
"ablslyr","3 points","Can’t believe I’m here, watching this live. This is fucking history."
"Garkech","2 points","Bro he's gotta beat it please"
"jbenson255","1 point","Dru wtf"
"youarenut","2 points","PLZ BREAK THE RECORD"
"neal1701","2 points","2 mins to get 3 points"
"BucketHerro","2 points","BAM GIVE ME A 3 PLS"
"JustiseRainsFrmAbove","3 points","I think Bam just tied the most FTA in a game lol"
"ThrowRa_67777","2 points","Cmon now"
"Correct-Constant-272","2 points","Broooooo"
"SamR1187","3 points","I was here. Not even a heat fan"
"readndrun","3 points","79 points????"
"GilbertArenasGun","2 points","Wizards are some hoes lmaoooo. Ofc that was a foul"
"Unknown","2 points","Hahaha yall already made history just stay bent over dont squirm now Wizards lmao"
"altruisticdisaster","2 points","A three and you become a legend Bam"
"VinceWin2","2 points","Holy shit"
"Number333","2 points","79 POINTS!!!!!"
"spurdada","2 points","I want to be part of this historic thread!!!"
"Competitive-Wafer-32","2 points","Imagine some of the scores players would get if they statpadded like this every game 😂 nba would be so fun"
"QuantumSanto","1 point","DEAR GOD I AM JUST TUNING IN. SWEET JESUS"
"Aggravating_Green618","2 points","DTMF in the background, W"
"luckeeelooo","1 point","Wizards are pettttty."
"bankai90210","2 points","79"
"Number333","1 point","78 POINTS"
"r_BigUziHorizont","3 points","omfg washington bro just let it fucking go you might as well at least be a part of history"
"pingbread","1 point","The bench been on their feet for basically the entire game lmaoo everyone’s so hyped for him"
"302born","1 point","Can’t watch the game. Is bam still in and has he passed Kobe yet?"
"Kino900","1 point","Hes still in needs one more"
"Kino900","1 point","I know Bam tired as fuck."
"DasOptions","1 point","Nothing stopping history"
"Ode1st","1 point","Time might :/"
"Cj_cruzz","3 points","HOE ASS WIZ COACH CHALLENGING"
"chitownbulls92","1 point","Come on Wiz...wtf just be cool man!!!"
"ovalseven","2 points","My own team is still playing (and winning) but I just turned it off to watch this. Very cool."
"CapsuleCorpEmployee","2 points","Whole team knows what the assignment is 😭😭"
"bankai90210","1 point","78"
"MediocreDVaMain","2 points","It's in the middle of the night where I'm at, I am waking everyone up but I'll apologize later because I am witnessing NBA history rn"
"akoooorn","1 point","wizards fans are so mad lmao"
"AbbreviationsBig395","1 point","IM PUTTING A BABY IN MY WIFE TONIGHT! WHILE IM PUMPING HER IMMA YELL "" BAM BAM BAM BABY"""
"l0lw00t","2 points","Brian Keefe needs to fuck off, his bumass team cant do shit"
"RansomGoddard","2 points","The Wizards deserve misery for the rest of their existence for that challenge"
"NotSoFast1399","1 point","Pin this game forever to the top of the sub!"
"Syburr35","2 points","Wow wow wow wow"
"Cubacane","2 points","Challenging the foul– Wizards are PET-TY"
"MELYheadz","2 points","To be frank I wouldn’t want nobody scoring 80 on me lmao I get they pain"
"BucketHerro","1 point","Nobody is gonna remember anyone from this wizards team anyways."
"VinceWin2","1 point","Haha"
"readndrun","3 points","I’m watching it with my eyes and still don’t believe it"
"Agreeable_Chance1960","1 point","Bro let it go it’s over it’s happening  whether you like it or not"
"Junior-Technology-71","5 points","Here from OKC 👋  Rooting for bam to break Kobe’s record"
"Noynoy12","1 point","Bam just need to go to the paint lol"
"Banana_Jackson","4 points","The wizards have not played this kind of defense all season"
"TrashAssRedditAdmins","2 points","Wizards, you already getting pieced up, it's already a record, just let it happen and be done with it"
"Namerkp2","2 points","Aww they’re mad lol, whatever! More rest for BAM!"
"Nusiof","2 points","I love that he’s hunting this"
"MatasBuzelis","2 points","He is hungrier for 82 than I've ever been hungry for any meal in my life. I love it"
"jbenson255","2 points","Challenging is crazy"
"soycameron","3 points","REFS just let it happen cmon lol"
"M4nW3ll","2 points","LET THAT SHIT FLY BAM"
"Tommy1469","2 points","If only the Wizards tried this hard at any other NBA game"
"Dynamix__","1 point","5 more points bam let’s get it"
"Soft-Comfort-7474","4 points","Bros in elite company 😎  <image>"
"Dolphhins","3 points","Wizards are sorry as fuck for that challenge"
"_gastly","3 points","Wiz just let it fucking happen wtf"
"neal1701","2 points","Wizard bros, just let it go and give Bam his 82"
"SolidCookie_","3 points","Bro hit these FTs and pray for a 3"
"MELYheadz","3 points","That’s a legit foul stop it"
"Ode1st","5 points","Spo challenging that was so funny"
"soycameron","2 points","Especially cuz of how obviously the call was right lol  Spo just saying fuck it let’s try"
"furiousbean","3 points","5 more points"
"Manor002","10 points","I don’t even care if he forces it, I need him to pass 81 😭"
"JL990","6 points","Wizards are a poverty franchise for challenging that like be fr now"
"eeevileggg","6 points","Anyone not named 'Bam' who takes a shot should be benched."
"BucketHerro","3 points","The Wizards are playing defense like someone after they got postered lmfao."
"kismetric","4 points","I predict Bam ends the game with exactly 80 points"
"Wonderful_Bend3226","1 point","Wizards you a bunch of absolute bitches"
"EfficiencyFew6864","5 points","W stat padding"
"WheeinSpace","1 point","LMFAO WIZARDS"
"TheRatchetTrombone","3 points","PETTY ASS WIZ"
"jbenson255","2 points","Wizards bro"
"Ice_Dragon3444","1 point","PLS PLS PLS 80"
"Kokusen_Akuma","3 points","Who would’ve thought Bam for 80 on a Tuesday in March wtf"
"Roast-Malone29","1 point","Really wizards? Lol fucking ball busting everyone right now"
"neal1701","1 point","Never have I been so happy for free throws!"
"SteelCityC","1 point","They’re so corny they trying so hard to not let go get 81 100%😭😭😭 I’m a hawks fan but this is insane 😭💔"
"NonchalantGhoul","2 points","3 off 80..."
"DMVbornandbred21","1 point","FEED THE BEAST"
"DasOptions","1 point","These wizards players are something man"
"chim_ritchellsdick","2 points","Respect the stat padding"
"rjgator","3 points","FUCK OFF WIZARDS TAKE THE L AND BE IN HISTORY"
"JustiseRainsFrmAbove","1 point","Lmao"
"thecroakman","8 points","BAM THE GOAT"
"BossKingGodd","8 points","Wizards pussy asf, Kobe wasn’t a wizard"
"bankai90210","6 points","STOP DOUBLING HIM"
"Unknown","No Score",
